{
    "name": "root",
    "metadata": {
        "timer_format_version": "0.1.0",
        "start_time_seconds": "1749696152",
        "python_version": "3.10.10 (tags/v3.10.10:aad5f6a, Feb  7 2023, 17:20:36) [MSC v.1929 64 bit (AMD64)]",
        "command_line_arguments": "C:\\projetos\\ai-agents\\.venv\\Scripts\\mlagents-learn ./config/cube_behaviour.yaml --run-id=cube-test --train --force",
        "mlagents_version": "1.1.0",
        "mlagents_envs_version": "1.1.0",
        "communication_protocol_version": "1.5.0",
        "pytorch_version": "2.7.0+cpu",
        "numpy_version": "1.23.5",
        "end_time_seconds": "1749696166"
    },
    "total": 13.456497899955139,
    "count": 1,
    "self": 0.008034099941141903,
    "children": {
        "run_training.setup": {
            "total": 0.0711058999877423,
            "count": 1,
            "self": 0.0711058999877423
        },
        "TrainerController.start_learning": {
            "total": 13.377357900026254,
            "count": 1,
            "self": 0.00013200007379055023,
            "children": {
                "TrainerController._reset_env": {
                    "total": 13.18616739998106,
                    "count": 1,
                    "self": 13.18616739998106
                },
                "TrainerController.advance": {
                    "total": 0.02950790000613779,
                    "count": 1,
                    "self": 8.899951353669167e-06,
                    "children": {
                        "env_step": {
                            "total": 0.02949900005478412,
                            "count": 1,
                            "self": 0.0005216000135987997,
                            "children": {
                                "SubprocessEnvManager._take_step": {
                                    "total": 0.02897740004118532,
                                    "count": 1,
                                    "self": 2.650008536875248e-05,
                                    "children": {
                                        "TorchPolicy.evaluate": {
                                            "total": 0.028950899955816567,
                                            "count": 1,
                                            "self": 0.028950899955816567
                                        }
                                    }
                                }
                            }
                        }
                    }
                },
                "TrainerController._save_models": {
                    "total": 0.16155059996526688,
                    "count": 1,
                    "self": 0.006675699958577752,
                    "children": {
                        "RLTrainer._checkpoint": {
                            "total": 0.15487490000668913,
                            "count": 1,
                            "self": 0.15487490000668913
                        }
                    }
                }
            }
        }
    }
}